GEOID;tract;county;total_pop;total_hhunits
04013010101;Census Tract 101.01; Maricopa County;5062;3444
04013010102;Census Tract 101.02; Maricopa County;5127;3686
04013030401;Census Tract 304.01; Maricopa County;5245;3641
04013030402;Census Tract 304.02; Maricopa County;4541;2609
04013040502;Census Tract 405.02; Maricopa County;5304;2821
04013040506;Census Tract 405.06; Maricopa County;5559;4312
04013040507;Census Tract 405.07; Maricopa County;6731;4679
04013040512;Census Tract 405.12; Maricopa County;1776;1194
04013040513;Census Tract 405.13; Maricopa County;2978;2218
04013040514;Census Tract 405.14; Maricopa County;3156;2267
04013040515;Census Tract 405.15; Maricopa County;4654;2604
04013040516;Census Tract 405.16; Maricopa County;5407;2858
04013040517;Census Tract 405.17; Maricopa County;8553;3291
04013040518;Census Tract 405.18; Maricopa County;7639;3350
04013040519;Census Tract 405.19; Maricopa County;7078;3348
04013040520;Census Tract 405.20; Maricopa County;6181;2151
04013040521;Census Tract 405.21; Maricopa County;8898;2707
04013040522;Census Tract 405.22; Maricopa County;4134;3024
04013040523;Census Tract 405.23; Maricopa County;3077;2176
04013040524;Census Tract 405.24; Maricopa County;1433;1026
04013040525;Census Tract 405.25; Maricopa County;3263;2082
04013040526;Census Tract 405.26; Maricopa County;2082;1589
04013040527;Census Tract 405.27; Maricopa County;4094;2582
04013040528;Census Tract 405.28; Maricopa County;5728;4457
04013040529;Census Tract 405.29; Maricopa County;3116;2463
04013040530;Census Tract 405.30; Maricopa County;3788;1579
04013040531;Census Tract 405.31; Maricopa County;3602;2646
04013050603;Census Tract 506.03; Maricopa County;5926;2136
04013050604;Census Tract 506.04; Maricopa County;3701;1367
04013050605;Census Tract 506.05; Maricopa County;9418;3124
04013050606;Census Tract 506.06; Maricopa County;10341;3627
04013050607;Census Tract 506.07; Maricopa County;8272;2416
04013050608;Census Tract 506.08; Maricopa County;7935;2593
04013050609;Census Tract 506.09; Maricopa County;5140;2154
04013050610;Census Tract 506.10; Maricopa County;12543;3606
04013050611;Census Tract 506.11; Maricopa County;6081;1642
04013050701;Census Tract 507.01; Maricopa County;6526;1917
04013050702;Census Tract 507.02; Maricopa County;4979;1809
04013060801;Census Tract 608.01; Maricopa County;5737;2716
04013060802;Census Tract 608.02; Maricopa County;2937;913
04013060901;Census Tract 609.01; Maricopa County;5497;1613
04013060902;Census Tract 609.02; Maricopa County;3273;1042
04013060903;Census Tract 609.03; Maricopa County;5912;1584
04013060904;Census Tract 609.04; Maricopa County;3820;1209
04013061009;Census Tract 610.09; Maricopa County;11277;4603
04013061010;Census Tract 610.10; Maricopa County;5800;2544
04013061011;Census Tract 610.11; Maricopa County;7931;2089
04013061012;Census Tract 610.12; Maricopa County;7935;3063
04013061013;Census Tract 610.13; Maricopa County;6719;2030
04013061014;Census Tract 610.14; Maricopa County;6849;2811
04013061015;Census Tract 610.15; Maricopa County;5573;1857
04013061016;Census Tract 610.16; Maricopa County;7929;2281
04013061017;Census Tract 610.17; Maricopa County;3657;0
04013061018;Census Tract 610.18; Maricopa County;4298;3083
04013061019;Census Tract 610.19; Maricopa County;5366;1644
04013061020;Census Tract 610.20; Maricopa County;3622;1221
04013061021;Census Tract 610.21; Maricopa County;2100;589
04013061022;Census Tract 610.22; Maricopa County;10228;3316
04013061023;Census Tract 610.23; Maricopa County;11567;3601
04013061024;Census Tract 610.24; Maricopa County;1895;680
04013061025;Census Tract 610.25; Maricopa County;11393;3350
04013061026;Census Tract 610.26; Maricopa County;5875;1982
04013061027;Census Tract 610.27; Maricopa County;5552;2262
04013061028;Census Tract 610.28; Maricopa County;3064;1304
04013061029;Census Tract 610.29; Maricopa County;4809;2189
04013061030;Census Tract 610.30; Maricopa County;8451;2627
04013061031;Census Tract 610.31; Maricopa County;5098;1773
04013061032;Census Tract 610.32; Maricopa County;6521;1994
04013061033;Census Tract 610.33; Maricopa County;6917;2248
04013061034;Census Tract 610.34; Maricopa County;8147;2457
04013061035;Census Tract 610.35; Maricopa County;7154;2483
04013061036;Census Tract 610.36; Maricopa County;4306;1260
04013061037;Census Tract 610.37; Maricopa County;5671;1809
04013061038;Census Tract 610.38; Maricopa County;4524;1590
04013061039;Census Tract 610.39; Maricopa County;4423;1406
04013061040;Census Tract 610.40; Maricopa County;4294;1525
04013061041;Census Tract 610.41; Maricopa County;4543;1488
04013061042;Census Tract 610.42; Maricopa County;2274;1313
04013061043;Census Tract 610.43; Maricopa County;2783;820
04013061044;Census Tract 610.44; Maricopa County;9169;2719
04013061045;Census Tract 610.45; Maricopa County;6892;2347
04013061046;Census Tract 610.46; Maricopa County;6397;2398
04013061047;Census Tract 610.47; Maricopa County;3871;1083
04013061100;Census Tract 611; Maricopa County;2401;546
04013061200;Census Tract 612; Maricopa County;5924;2155
04013061300;Census Tract 613; Maricopa County;1891;663
04013061401;Census Tract 614.01; Maricopa County;2257;689
04013061402;Census Tract 614.02; Maricopa County;6184;1864
04013071503;Census Tract 715.03; Maricopa County;4646;3676
04013071504;Census Tract 715.04; Maricopa County;3408;2672
04013071505;Census Tract 715.05; Maricopa County;6820;4371
04013071506;Census Tract 715.06; Maricopa County;3983;2901
04013071509;Census Tract 715.09; Maricopa County;5490;2140
04013071510;Census Tract 715.10; Maricopa County;4038;1316
04013071511;Census Tract 715.11; Maricopa County;3468;1485
04013071512;Census Tract 715.12; Maricopa County;6404;2060
04013071513;Census Tract 715.13; Maricopa County;1662;589
04013071514;Census Tract 715.14; Maricopa County;3843;1463
04013071515;Census Tract 715.15; Maricopa County;3535;1866
04013071516;Census Tract 715.16; Maricopa County;3246;2508
04013071517;Census Tract 715.17; Maricopa County;3836;1336
04013071600;Census Tract 716; Maricopa County;3943;1888
04013071701;Census Tract 717.01; Maricopa County;3041;952
04013071702;Census Tract 717.02; Maricopa County;3091;2723
04013071801;Census Tract 718.01; Maricopa County;5205;3636
04013071802;Census Tract 718.02; Maricopa County;3427;2577
04013071903;Census Tract 719.03; Maricopa County;5632;2302
04013071906;Census Tract 719.06; Maricopa County;5497;1895
04013071909;Census Tract 719.09; Maricopa County;4030;1707
04013071910;Census Tract 719.10; Maricopa County;6616;2338
04013071911;Census Tract 719.11; Maricopa County;3276;1068
04013071912;Census Tract 719.12; Maricopa County;3183;1130
04013071913;Census Tract 719.13; Maricopa County;5350;1882
04013071914;Census Tract 719.14; Maricopa County;3080;947
04013071915;Census Tract 719.15; Maricopa County;3552;1338
04013082002;Census Tract 820.02; Maricopa County;7225;2517
04013082007;Census Tract 820.07; Maricopa County;4589;1354
04013082008;Census Tract 820.08; Maricopa County;5793;1561
04013082009;Census Tract 820.09; Maricopa County;5894;1447
04013082010;Census Tract 820.10; Maricopa County;4996;1314
04013082012;Census Tract 820.12; Maricopa County;7742;2041
04013082016;Census Tract 820.16; Maricopa County;2843;807
04013082017;Census Tract 820.17; Maricopa County;4721;1551
04013082018;Census Tract 820.18; Maricopa County;5881;1539
04013082019;Census Tract 820.19; Maricopa County;2856;857
04013082020;Census Tract 820.20; Maricopa County;3860;1346
04013082021;Census Tract 820.21; Maricopa County;2457;722
04013082022;Census Tract 820.22; Maricopa County;4824;1680
04013082023;Census Tract 820.23; Maricopa County;5347;1826
04013082024;Census Tract 820.24; Maricopa County;4533;1654
04013082025;Census Tract 820.25; Maricopa County;2799;885
04013082026;Census Tract 820.26; Maricopa County;6119;2130
04013082027;Census Tract 820.27; Maricopa County;4705;1456
04013082028;Census Tract 820.28; Maricopa County;4671;1433
04013082203;Census Tract 822.03; Maricopa County;11710;3114
04013082204;Census Tract 822.04; Maricopa County;6953;1687
04013082205;Census Tract 822.05; Maricopa County;7008;1731
04013082206;Census Tract 822.06; Maricopa County;5036;1204
04013082207;Census Tract 822.07; Maricopa County;3687;964
04013082208;Census Tract 822.08; Maricopa County;3070;841
04013082209;Census Tract 822.09; Maricopa County;3058;908
04013082210;Census Tract 822.10; Maricopa County;5138;1523
04013082211;Census Tract 822.11; Maricopa County;6171;1751
04013083000;Census Tract 830; Maricopa County;7246;2188
04013092305;Census Tract 923.05; Maricopa County;4425;1495
04013092306;Census Tract 923.06; Maricopa County;6429;2311
04013092307;Census Tract 923.07; Maricopa County;6183;2441
04013092308;Census Tract 923.08; Maricopa County;7129;2600
04013092309;Census Tract 923.09; Maricopa County;6188;2081
04013092311;Census Tract 923.11; Maricopa County;3637;1512
04013092312;Census Tract 923.12; Maricopa County;5161;2724
04013092401;Census Tract 924.01; Maricopa County;4933;1940
04013092402;Census Tract 924.02; Maricopa County;3453;1597
04013092500;Census Tract 925; Maricopa County;4771;2102
04013092600;Census Tract 926; Maricopa County;3171;1212
04013092705;Census Tract 927.05; Maricopa County;4612;1573
04013092708;Census Tract 927.08; Maricopa County;2197;764
04013092709;Census Tract 927.09; Maricopa County;4283;1514
04013092710;Census Tract 927.10; Maricopa County;5005;1649
04013092711;Census Tract 927.11; Maricopa County;3513;1125
04013092712;Census Tract 927.12; Maricopa County;6101;1686
04013092713;Census Tract 927.13; Maricopa County;5351;1508
04013092715;Census Tract 927.15; Maricopa County;4504;1354
04013092716;Census Tract 927.16; Maricopa County;4311;1198
04013092717;Census Tract 927.17; Maricopa County;5547;1690
04013092718;Census Tract 927.18; Maricopa County;3945;1306
04013092719;Census Tract 927.19; Maricopa County;4886;1828
04013092720;Census Tract 927.20; Maricopa County;6144;2221
04013092721;Census Tract 927.21; Maricopa County;3689;1117
04013092723;Census Tract 927.23; Maricopa County;3837;1701
04013092724;Census Tract 927.24; Maricopa County;3976;1531
04013092801;Census Tract 928.01; Maricopa County;5350;1808
04013092802;Census Tract 928.02; Maricopa County;6747;1809
04013092900;Census Tract 929; Maricopa County;3303;1173
04013093001;Census Tract 930.01; Maricopa County;5696;2218
04013093002;Census Tract 930.02; Maricopa County;4905;1429
04013093101;Census Tract 931.01; Maricopa County;5040;1817
04013093104;Census Tract 931.04; Maricopa County;5107;1857
04013093105;Census Tract 931.05; Maricopa County;5467;2283
04013093106;Census Tract 931.06; Maricopa County;5293;1243
04013093200;Census Tract 932; Maricopa County;4053;1609
04013103205;Census Tract 1032.05; Maricopa County;2943;1047
04013103206;Census Tract 1032.06; Maricopa County;2624;974
04013103207;Census Tract 1032.07; Maricopa County;2625;928
04013103208;Census Tract 1032.08; Maricopa County;3709;2675
04013103209;Census Tract 1032.09; Maricopa County;5276;2537
04013103210;Census Tract 1032.10; Maricopa County;7348;3722
04013103211;Census Tract 1032.11; Maricopa County;4323;1793
04013103212;Census Tract 1032.12; Maricopa County;4244;1737
04013103214;Census Tract 1032.14; Maricopa County;4401;1551
04013103215;Census Tract 1032.15; Maricopa County;3224;1155
04013103216;Census Tract 1032.16; Maricopa County;4954;2177
04013103217;Census Tract 1032.17; Maricopa County;6068;2821
04013103219;Census Tract 1032.19; Maricopa County;3263;1822
04013103220;Census Tract 1032.20; Maricopa County;3095;1773
04013103302;Census Tract 1033.02; Maricopa County;7237;2469
04013103303;Census Tract 1033.03; Maricopa County;3739;1758
04013103304;Census Tract 1033.04; Maricopa County;5304;1953
04013103305;Census Tract 1033.05; Maricopa County;3234;1206
04013103306;Census Tract 1033.06; Maricopa County;4466;1598
04013103400;Census Tract 1034; Maricopa County;4728;1781
04013103501;Census Tract 1035.01; Maricopa County;3040;1252
04013103502;Census Tract 1035.02; Maricopa County;6195;2630
04013103604;Census Tract 1036.04; Maricopa County;4843;1942
04013103605;Census Tract 1036.05; Maricopa County;6154;2453
04013103606;Census Tract 1036.06; Maricopa County;4778;1955
04013103607;Census Tract 1036.07; Maricopa County;4566;1883
04013103608;Census Tract 1036.08; Maricopa County;4413;1713
04013103609;Census Tract 1036.09; Maricopa County;5647;2717
04013103611;Census Tract 1036.11; Maricopa County;5244;2366
04013103612;Census Tract 1036.12; Maricopa County;5573;2722
04013103614;Census Tract 1036.14; Maricopa County;2909;1258
04013103615;Census Tract 1036.15; Maricopa County;5990;1979
04013103701;Census Tract 1037.01; Maricopa County;4635;2496
04013103702;Census Tract 1037.02; Maricopa County;3423;1753
04013103900;Census Tract 1039; Maricopa County;6272;2419
04013104000;Census Tract 1040; Maricopa County;7256;2920
04013104100;Census Tract 1041; Maricopa County;7241;2634
04013104202;Census Tract 1042.02; Maricopa County;5346;1898
04013104203;Census Tract 1042.03; Maricopa County;7325;2385
04013104204;Census Tract 1042.04; Maricopa County;3883;1159
04013104205;Census Tract 1042.05; Maricopa County;5948;2611
04013104206;Census Tract 1042.06; Maricopa County;4376;1449
04013104207;Census Tract 1042.07; Maricopa County;4257;1932
04013104212;Census Tract 1042.12; Maricopa County;6230;2322
04013104214;Census Tract 1042.14; Maricopa County;2424;776
04013104215;Census Tract 1042.15; Maricopa County;4000;1730
04013104216;Census Tract 1042.16; Maricopa County;5545;1999
04013104217;Census Tract 1042.17; Maricopa County;5645;2092
04013104218;Census Tract 1042.18; Maricopa County;4081;1702
04013104219;Census Tract 1042.19; Maricopa County;3284;1040
04013104221;Census Tract 1042.21; Maricopa County;5974;2131
04013104222;Census Tract 1042.22; Maricopa County;6079;2282
04013104223;Census Tract 1042.23; Maricopa County;2120;642
04013104224;Census Tract 1042.24; Maricopa County;6002;2502
04013104225;Census Tract 1042.25; Maricopa County;4012;1385
04013104226;Census Tract 1042.26; Maricopa County;4450;1941
04013104227;Census Tract 1042.27; Maricopa County;2197;852
04013104301;Census Tract 1043.01; Maricopa County;4015;1283
04013104302;Census Tract 1043.02; Maricopa County;3862;2223
04013104401;Census Tract 1044.01; Maricopa County;4591;2414
04013104402;Census Tract 1044.02; Maricopa County;2703;1450
04013104501;Census Tract 1045.01; Maricopa County;4321;1631
04013104502;Census Tract 1045.02; Maricopa County;5884;1751
04013104600;Census Tract 1046; Maricopa County;4026;1932
04013104701;Census Tract 1047.01; Maricopa County;2836;1709
04013104702;Census Tract 1047.02; Maricopa County;4289;2088
04013104801;Census Tract 1048.01; Maricopa County;3609;1582
04013104802;Census Tract 1048.02; Maricopa County;5736;2684
04013104900;Census Tract 1049; Maricopa County;4437;1678
04013105002;Census Tract 1050.02; Maricopa County;3026;1471
04013105003;Census Tract 1050.03; Maricopa County;4694;1870
04013105004;Census Tract 1050.04; Maricopa County;3649;1492
04013105101;Census Tract 1051.01; Maricopa County;4381;1829
04013105102;Census Tract 1051.02; Maricopa County;4573;2644
04013105103;Census Tract 1051.03; Maricopa County;3236;1526
04013105200;Census Tract 1052; Maricopa County;6975;2969
04013105300;Census Tract 1053; Maricopa County;5417;2447
04013105400;Census Tract 1054; Maricopa County;4216;1549
04013105501;Census Tract 1055.01; Maricopa County;2609;1075
04013105502;Census Tract 1055.02; Maricopa County;2011;1064
04013105503;Census Tract 1055.03; Maricopa County;3684;2127
04013105601;Census Tract 1056.01; Maricopa County;3989;1286
04013105602;Census Tract 1056.02; Maricopa County;6552;2562
04013105701;Census Tract 1057.01; Maricopa County;3583;1258
04013105702;Census Tract 1057.02; Maricopa County;4880;1521
04013105800;Census Tract 1058; Maricopa County;6968;2234
04013105900;Census Tract 1059; Maricopa County;5132;2310
04013106001;Census Tract 1060.01; Maricopa County;1723;650
04013106002;Census Tract 1060.02; Maricopa County;2766;1259
04013106003;Census Tract 1060.03; Maricopa County;4207;1468
04013106100;Census Tract 1061; Maricopa County;5569;2935
04013106200;Census Tract 1062; Maricopa County;3369;1347
04013106300;Census Tract 1063; Maricopa County;5023;2829
04013106400;Census Tract 1064; Maricopa County;2966;1518
04013106501;Census Tract 1065.01; Maricopa County;3306;1673
04013106502;Census Tract 1065.02; Maricopa County;3451;2172
04013106600;Census Tract 1066; Maricopa County;4098;1782
04013106701;Census Tract 1067.01; Maricopa County;4940;2123
04013106702;Census Tract 1067.02; Maricopa County;1377;627
04013106703;Census Tract 1067.03; Maricopa County;2351;1000
04013106801;Census Tract 1068.01; Maricopa County;4694;2182
04013106802;Census Tract 1068.02; Maricopa County;3558;1592
04013106900;Census Tract 1069; Maricopa County;8561;2338
04013107000;Census Tract 1070; Maricopa County;9081;2826
04013107101;Census Tract 1071.01; Maricopa County;4504;1285
04013107102;Census Tract 1071.02; Maricopa County;6246;1935
04013107201;Census Tract 1072.01; Maricopa County;1825;457
04013107202;Census Tract 1072.02; Maricopa County;5254;1471
04013107300;Census Tract 1073; Maricopa County;6635;2397
04013107400;Census Tract 1074; Maricopa County;7683;3354
04013107500;Census Tract 1075; Maricopa County;3843;1858
04013107601;Census Tract 1076.01; Maricopa County;3581;2134
04013107602;Census Tract 1076.02; Maricopa County;3137;1507
04013107700;Census Tract 1077; Maricopa County;4333;2480
04013107800;Census Tract 1078; Maricopa County;2217;1943
04013107900;Census Tract 1079; Maricopa County;3729;2023
04013108000;Census Tract 1080; Maricopa County;2924;1208
04013108100;Census Tract 1081; Maricopa County;2377;1142
04013108200;Census Tract 1082; Maricopa County;3366;1666
04013108301;Census Tract 1083.01; Maricopa County;3487;1865
04013108302;Census Tract 1083.02; Maricopa County;2930;1927
04013108400;Census Tract 1084; Maricopa County;5642;3568
04013108501;Census Tract 1085.01; Maricopa County;2437;1257
04013108502;Census Tract 1085.02; Maricopa County;3521;2578
04013108601;Census Tract 1086.01; Maricopa County;2833;1516
04013108602;Census Tract 1086.02; Maricopa County;6632;3180
04013108802;Census Tract 1088.02; Maricopa County;2030;1336
04013108901;Census Tract 1089.01; Maricopa County;2107;1370
04013108902;Census Tract 1089.02; Maricopa County;5116;2436
04013109001;Census Tract 1090.01; Maricopa County;4952;1853
04013109002;Census Tract 1090.02; Maricopa County;4674;1792
04013109003;Census Tract 1090.03; Maricopa County;6165;2185
04013109101;Census Tract 1091.01; Maricopa County;3917;932
04013109102;Census Tract 1091.02; Maricopa County;6637;1811
04013109200;Census Tract 1092; Maricopa County;3935;1771
04013109300;Census Tract 1093; Maricopa County;5343;1230
04013109400;Census Tract 1094; Maricopa County;9113;2720
04013109500;Census Tract 1095; Maricopa County;6561;1517
04013109601;Census Tract 1096.01; Maricopa County;5491;1487
04013109602;Census Tract 1096.02; Maricopa County;7269;1912
04013109603;Census Tract 1096.03; Maricopa County;5317;1342
04013109604;Census Tract 1096.04; Maricopa County;4253;1108
04013109701;Census Tract 1097.01; Maricopa County;8685;2843
04013109702;Census Tract 1097.02; Maricopa County;5902;1382
04013109703;Census Tract 1097.03; Maricopa County;3279;934
04013109704;Census Tract 1097.04; Maricopa County;2586;646
04013109705;Census Tract 1097.05; Maricopa County;2449;531
04013109801;Census Tract 1098.01; Maricopa County;4994;1241
04013109802;Census Tract 1098.02; Maricopa County;5894;1265
04013109900;Census Tract 1099; Maricopa County;9128;2036
04013110001;Census Tract 1100.01; Maricopa County;5362;1109
04013110002;Census Tract 1100.02; Maricopa County;4064;1299
04013110100;Census Tract 1101; Maricopa County;7122;2079
04013110400;Census Tract 1104; Maricopa County;5179;2540
04013110501;Census Tract 1105.01; Maricopa County;3027;2147
04013110502;Census Tract 1105.02; Maricopa County;2605;1786
04013110600;Census Tract 1106; Maricopa County;4251;2652
04013110701;Census Tract 1107.01; Maricopa County;2674;1318
04013110702;Census Tract 1107.02; Maricopa County;4305;1668
04013110801;Census Tract 1108.01; Maricopa County;5502;2622
04013110802;Census Tract 1108.02; Maricopa County;2227;1138
04013110901;Census Tract 1109.01; Maricopa County;3149;1733
04013110902;Census Tract 1109.02; Maricopa County;5277;2209
04013111000;Census Tract 1110; Maricopa County;4619;2289
04013111100;Census Tract 1111; Maricopa County;4541;2076
04013111201;Census Tract 1112.01; Maricopa County;6592;3072
04013111202;Census Tract 1112.02; Maricopa County;2418;949
04013111203;Census Tract 1112.03; Maricopa County;1567;966
04013111204;Census Tract 1112.04; Maricopa County;2766;1533
04013111300;Census Tract 1113; Maricopa County;6007;2614
04013111401;Census Tract 1114.01; Maricopa County;4584;1492
04013111402;Census Tract 1114.02; Maricopa County;4125;1611
04013111501;Census Tract 1115.01; Maricopa County;2148;678
04013111502;Census Tract 1115.02; Maricopa County;6364;2381
04013111601;Census Tract 1116.01; Maricopa County;3591;1172
04013111602;Census Tract 1116.02; Maricopa County;5242;1887
04013111700;Census Tract 1117; Maricopa County;6238;2791
04013111800;Census Tract 1118; Maricopa County;4584;2824
04013111900;Census Tract 1119; Maricopa County;2481;1181
04013112100;Census Tract 1121; Maricopa County;3748;1055
04013112201;Census Tract 1122.01; Maricopa County;4941;1196
04013112202;Census Tract 1122.02; Maricopa County;4515;1587
04013112301;Census Tract 1123.01; Maricopa County;5768;1925
04013112302;Census Tract 1123.02; Maricopa County;7777;2380
04013112401;Census Tract 1124.01; Maricopa County;6004;1674
04013112402;Census Tract 1124.02; Maricopa County;6661;1385
04013112502;Census Tract 1125.02; Maricopa County;6582;1439
04013112503;Census Tract 1125.03; Maricopa County;9960;2380
04013112504;Census Tract 1125.04; Maricopa County;4468;1252
04013112505;Census Tract 1125.05; Maricopa County;9863;2913
04013112507;Census Tract 1125.07; Maricopa County;3069;881
04013112508;Census Tract 1125.08; Maricopa County;2211;737
04013112509;Census Tract 1125.09; Maricopa County;11473;3642
04013112510;Census Tract 1125.10; Maricopa County;4995;1260
04013112511;Census Tract 1125.11; Maricopa County;10117;2428
04013112512;Census Tract 1125.12; Maricopa County;770;393
04013112513;Census Tract 1125.13; Maricopa County;9486;2523
04013112514;Census Tract 1125.14; Maricopa County;5225;1525
04013112601;Census Tract 1126.01; Maricopa County;3804;1130
04013112602;Census Tract 1126.02; Maricopa County;8617;2257
04013112700;Census Tract 1127; Maricopa County;7403;1978
04013112900;Census Tract 1129; Maricopa County;4835;2400
04013113000;Census Tract 1130; Maricopa County;2318;1685
04013113100;Census Tract 1131; Maricopa County;4277;2484
04013113201;Census Tract 1132.01; Maricopa County;2674;923
04013113202;Census Tract 1132.02; Maricopa County;2095;868
04013113203;Census Tract 1132.03; Maricopa County;2642;1102
04013113300;Census Tract 1133; Maricopa County;4987;1947
04013113400;Census Tract 1134; Maricopa County;343;0
04013113501;Census Tract 1135.01; Maricopa County;4824;1594
04013113502;Census Tract 1135.02; Maricopa County;3366;853
04013113601;Census Tract 1136.01; Maricopa County;5272;1652
04013113602;Census Tract 1136.02; Maricopa County;4090;1280
04013113700;Census Tract 1137; Maricopa County;8039;3652
04013113801;Census Tract 1138.01; Maricopa County;2252;1317
04013113802;Census Tract 1138.02; Maricopa County;0;0
04013113900;Census Tract 1139; Maricopa County;1457;516
04013114000;Census Tract 1140; Maricopa County;1996;1373
04013114100;Census Tract 1141; Maricopa County;1533;976
04013114200;Census Tract 1142; Maricopa County;994;501
04013114301;Census Tract 1143.01; Maricopa County;565;296
04013114302;Census Tract 1143.02; Maricopa County;3173;1152
04013114401;Census Tract 1144.01; Maricopa County;1458;571
04013114402;Census Tract 1144.02; Maricopa County;2085;717
04013114500;Census Tract 1145; Maricopa County;4044;1310
04013114600;Census Tract 1146; Maricopa County;1611;515
04013114703;Census Tract 1147.03; Maricopa County;5255;411
04013114800;Census Tract 1148; Maricopa County;3493;1094
04013114900;Census Tract 1149; Maricopa County;2562;1028
04013115200;Census Tract 1152; Maricopa County;3110;1024
04013115300;Census Tract 1153; Maricopa County;3181;1165
04013115400;Census Tract 1154; Maricopa County;2056;655
04013115500;Census Tract 1155; Maricopa County;4230;1121
04013115600;Census Tract 1156; Maricopa County;3864;1278
04013115700;Census Tract 1157; Maricopa County;7395;1961
04013115801;Census Tract 1158.01; Maricopa County;4522;1481
04013115802;Census Tract 1158.02; Maricopa County;3420;1187
04013115900;Census Tract 1159; Maricopa County;6660;1842
04013116000;Census Tract 1160; Maricopa County;6713;2311
04013116100;Census Tract 1161; Maricopa County;4310;1426
04013116202;Census Tract 1162.02; Maricopa County;5598;1515
04013116203;Census Tract 1162.03; Maricopa County;5813;2454
04013116204;Census Tract 1162.04; Maricopa County;3843;1212
04013116205;Census Tract 1162.05; Maricopa County;4506;1948
04013116300;Census Tract 1163; Maricopa County;7197;2051
04013116400;Census Tract 1164; Maricopa County;6000;1730
04013116500;Census Tract 1165; Maricopa County;5108;1506
04013116602;Census Tract 1166.02; Maricopa County;8129;2430
04013116603;Census Tract 1166.03; Maricopa County;7586;2035
04013116604;Census Tract 1166.04; Maricopa County;4966;1497
04013116605;Census Tract 1166.05; Maricopa County;7270;2074
04013116606;Census Tract 1166.06; Maricopa County;6947;1918
04013116607;Census Tract 1166.07; Maricopa County;3954;1001
04013116608;Census Tract 1166.08; Maricopa County;4912;1525
04013116609;Census Tract 1166.09; Maricopa County;5386;1425
04013116610;Census Tract 1166.10; Maricopa County;6047;1838
04013116611;Census Tract 1166.11; Maricopa County;3687;1177
04013116612;Census Tract 1166.12; Maricopa County;6274;1875
04013116613;Census Tract 1166.13; Maricopa County;7933;2694
04013116702;Census Tract 1167.02; Maricopa County;9026;3007
04013116703;Census Tract 1167.03; Maricopa County;5611;1625
04013116704;Census Tract 1167.04; Maricopa County;9060;3927
04013116707;Census Tract 1167.07; Maricopa County;2947;1251
04013116708;Census Tract 1167.08; Maricopa County;5198;2942
04013116709;Census Tract 1167.09; Maricopa County;2682;1337
04013116710;Census Tract 1167.10; Maricopa County;5081;1735
04013116711;Census Tract 1167.11; Maricopa County;2320;850
04013116712;Census Tract 1167.12; Maricopa County;7911;3385
04013116713;Census Tract 1167.13; Maricopa County;6420;2566
04013116714;Census Tract 1167.14; Maricopa County;3560;1296
04013116715;Census Tract 1167.15; Maricopa County;1978;958
04013116717;Census Tract 1167.17; Maricopa County;3298;1690
04013116718;Census Tract 1167.18; Maricopa County;3057;1416
04013116719;Census Tract 1167.19; Maricopa County;7137;2845
04013116720;Census Tract 1167.20; Maricopa County;4528;1881
04013116721;Census Tract 1167.21; Maricopa County;3388;1440
04013116725;Census Tract 1167.25; Maricopa County;5301;2391
04013116727;Census Tract 1167.27; Maricopa County;3988;1545
04013116728;Census Tract 1167.28; Maricopa County;4657;1731
04013116729;Census Tract 1167.29; Maricopa County;4103;1505
04013116730;Census Tract 1167.30; Maricopa County;1821;654
04013116731;Census Tract 1167.31; Maricopa County;3189;1284
04013116732;Census Tract 1167.32; Maricopa County;3956;1296
04013116733;Census Tract 1167.33; Maricopa County;260;120
04013116800;Census Tract 1168; Maricopa County;2794;1217
04013116900;Census Tract 1169; Maricopa County;2661;651
04013117000;Census Tract 1170; Maricopa County;7040;2594
04013117100;Census Tract 1171; Maricopa County;2712;1557
04013117200;Census Tract 1172; Maricopa County;1309;433
04013117300;Census Tract 1173; Maricopa County;1263;511
04013216806;Census Tract 2168.06; Maricopa County;3468;1941
04013216807;Census Tract 2168.07; Maricopa County;5145;2831
04013216809;Census Tract 2168.09; Maricopa County;5258;2427
04013216810;Census Tract 2168.10; Maricopa County;1673;1412
04013216813;Census Tract 2168.13; Maricopa County;4141;2711
04013216816;Census Tract 2168.16; Maricopa County;6656;2876
04013216818;Census Tract 2168.18; Maricopa County;7437;4901
04013216819;Census Tract 2168.19; Maricopa County;6481;3306
04013216820;Census Tract 2168.20; Maricopa County;4462;2669
04013216821;Census Tract 2168.21; Maricopa County;6349;3663
04013216822;Census Tract 2168.22; Maricopa County;4290;2485
04013216826;Census Tract 2168.26; Maricopa County;4566;2939
04013216829;Census Tract 2168.29; Maricopa County;5669;3514
04013216830;Census Tract 2168.30; Maricopa County;3299;2057
04013216831;Census Tract 2168.31; Maricopa County;3098;1473
04013216832;Census Tract 2168.32; Maricopa County;2283;1913
04013216833;Census Tract 2168.33; Maricopa County;4917;2463
04013216834;Census Tract 2168.34; Maricopa County;2255;1452
04013216835;Census Tract 2168.35; Maricopa County;2874;2248
04013216836;Census Tract 2168.36; Maricopa County;4336;1580
04013216837;Census Tract 2168.37; Maricopa County;5358;3228
04013216838;Census Tract 2168.38; Maricopa County;5310;2367
04013216839;Census Tract 2168.39; Maricopa County;4162;1817
04013216840;Census Tract 2168.40; Maricopa County;4967;2151
04013216841;Census Tract 2168.41; Maricopa County;3996;1687
04013216842;Census Tract 2168.42; Maricopa County;3847;1586
04013216843;Census Tract 2168.43; Maricopa County;3438;2389
04013216844;Census Tract 2168.44; Maricopa County;4612;3458
04013216845;Census Tract 2168.45; Maricopa County;2165;1980
04013216846;Census Tract 2168.46; Maricopa County;7373;3419
04013216847;Census Tract 2168.47; Maricopa County;7943;3780
04013216848;Census Tract 2168.48; Maricopa County;6781;2904
04013216849;Census Tract 2168.49; Maricopa County;6670;3034
04013216850;Census Tract 2168.50; Maricopa County;4576;2608
04013216851;Census Tract 2168.51; Maricopa County;4293;2337
04013216852;Census Tract 2168.52; Maricopa County;3189;2156
04013216853;Census Tract 2168.53; Maricopa County;5288;2926
04013216901;Census Tract 2169.01; Maricopa County;3323;2575
04013216902;Census Tract 2169.02; Maricopa County;4252;1983
04013217001;Census Tract 2170.01; Maricopa County;4628;3291
04013217002;Census Tract 2170.02; Maricopa County;6017;2836
04013217101;Census Tract 2171.01; Maricopa County;2879;1509
04013217102;Census Tract 2171.02; Maricopa County;2926;1568
04013217201;Census Tract 2172.01; Maricopa County;2237;1643
04013217203;Census Tract 2172.03; Maricopa County;3678;2860
04013217204;Census Tract 2172.04; Maricopa County;3624;2314
04013217300;Census Tract 2173; Maricopa County;4425;3476
04013217400;Census Tract 2174; Maricopa County;3232;2037
04013217501;Census Tract 2175.01; Maricopa County;3831;1906
04013217502;Census Tract 2175.02; Maricopa County;3173;2154
04013217600;Census Tract 2176; Maricopa County;4891;3180
04013217700;Census Tract 2177; Maricopa County;5211;2550
04013217800;Census Tract 2178; Maricopa County;6345;3234
04013217900;Census Tract 2179; Maricopa County;4194;2078
04013218000;Census Tract 2180; Maricopa County;5983;2894
04013218100;Census Tract 2181; Maricopa County;2274;1029
04013218200;Census Tract 2182; Maricopa County;9097;3458
04013218300;Census Tract 2183; Maricopa County;4629;2988
04013318400;Census Tract 3184; Maricopa County;5590;2853
04013318501;Census Tract 3185.01; Maricopa County;3389;1680
04013318700;Census Tract 3187; Maricopa County;3843;1249
04013318800;Census Tract 3188; Maricopa County;7334;4216
04013318900;Census Tract 3189; Maricopa County;7018;3043
04013319000;Census Tract 3190; Maricopa County;9085;1097
04013319101;Census Tract 3191.01; Maricopa County;3291;1458
04013319103;Census Tract 3191.03; Maricopa County;5318;2333
04013319104;Census Tract 3191.04; Maricopa County;7228;3650
04013319201;Census Tract 3192.01; Maricopa County;6849;2796
04013319202;Census Tract 3192.02; Maricopa County;3539;2614
04013319300;Census Tract 3193; Maricopa County;3005;1206
04013319401;Census Tract 3194.01; Maricopa County;7236;2673
04013319402;Census Tract 3194.02; Maricopa County;4094;1693
04013319403;Census Tract 3194.03; Maricopa County;4926;2102
04013319404;Census Tract 3194.04; Maricopa County;3626;1762
04013319500;Census Tract 3195; Maricopa County;6406;2740
04013319600;Census Tract 3196; Maricopa County;6403;2676
04013319703;Census Tract 3197.03; Maricopa County;4552;2333
04013319704;Census Tract 3197.04; Maricopa County;1935;1061
04013319705;Census Tract 3197.05; Maricopa County;3713;1519
04013319706;Census Tract 3197.06; Maricopa County;5873;2414
04013319800;Census Tract 3198; Maricopa County;6761;3339
04013319902;Census Tract 3199.02; Maricopa County;2983;1311
04013319903;Census Tract 3199.03; Maricopa County;6049;2883
04013319904;Census Tract 3199.04; Maricopa County;5234;2094
04013319905;Census Tract 3199.05; Maricopa County;5362;2278
04013319906;Census Tract 3199.06; Maricopa County;3596;1460
04013319907;Census Tract 3199.07; Maricopa County;2266;875
04013319908;Census Tract 3199.08; Maricopa County;2699;1072
04013319909;Census Tract 3199.09; Maricopa County;2495;1039
04013319910;Census Tract 3199.10; Maricopa County;5635;1993
04013320001;Census Tract 3200.01; Maricopa County;8801;3875
04013320002;Census Tract 3200.02; Maricopa County;6482;1882
04013320007;Census Tract 3200.07; Maricopa County;7235;3282
04013320100;Census Tract 3201; Maricopa County;3409;1899
04013420104;Census Tract 4201.04; Maricopa County;5887;3097
04013420105;Census Tract 4201.05; Maricopa County;6102;2545
04013420107;Census Tract 4201.07; Maricopa County;6743;2846
04013420108;Census Tract 4201.08; Maricopa County;1758;626
04013420109;Census Tract 4201.09; Maricopa County;4874;2036
04013420110;Census Tract 4201.10; Maricopa County;5552;2036
04013420111;Census Tract 4201.11; Maricopa County;3865;1361
04013420112;Census Tract 4201.12; Maricopa County;3299;1226
04013420113;Census Tract 4201.13; Maricopa County;3807;1981
04013420114;Census Tract 4201.14; Maricopa County;4003;1474
04013420115;Census Tract 4201.15; Maricopa County;3288;1504
04013420116;Census Tract 4201.16; Maricopa County;2876;2162
04013420202;Census Tract 4202.02; Maricopa County;5605;2734
04013420206;Census Tract 4202.06; Maricopa County;3634;3090
04013420207;Census Tract 4202.07; Maricopa County;2881;1360
04013420208;Census Tract 4202.08; Maricopa County;5770;1968
04013420209;Census Tract 4202.09; Maricopa County;4022;2213
04013420210;Census Tract 4202.10; Maricopa County;5590;2092
04013420211;Census Tract 4202.11; Maricopa County;4238;1778
04013420212;Census Tract 4202.12; Maricopa County;3240;1650
04013420213;Census Tract 4202.13; Maricopa County;1947;2792
04013420214;Census Tract 4202.14; Maricopa County;4128;2516
04013420215;Census Tract 4202.15; Maricopa County;2335;864
04013420216;Census Tract 4202.16; Maricopa County;4319;2255
04013420301;Census Tract 4203.01; Maricopa County;2386;721
04013420302;Census Tract 4203.02; Maricopa County;4761;1679
04013420303;Census Tract 4203.03; Maricopa County;4775;1424
04013420304;Census Tract 4203.04; Maricopa County;1131;337
04013420401;Census Tract 4204.01; Maricopa County;4766;1914
04013420402;Census Tract 4204.02; Maricopa County;4161;1188
04013420501;Census Tract 4205.01; Maricopa County;7585;2689
04013420503;Census Tract 4205.03; Maricopa County;3917;1443
04013420504;Census Tract 4205.04; Maricopa County;3653;1301
04013420602;Census Tract 4206.02; Maricopa County;5364;1732
04013420603;Census Tract 4206.03; Maricopa County;4059;1372
04013420604;Census Tract 4206.04; Maricopa County;4762;1644
04013420704;Census Tract 4207.04; Maricopa County;4968;1767
04013420705;Census Tract 4207.05; Maricopa County;3946;1057
04013420706;Census Tract 4207.06; Maricopa County;5048;1605
04013420707;Census Tract 4207.07; Maricopa County;2373;2265
04013420708;Census Tract 4207.08; Maricopa County;3679;3123
04013420709;Census Tract 4207.09; Maricopa County;3472;2733
04013420710;Census Tract 4207.10; Maricopa County;3845;1726
04013420800;Census Tract 4208; Maricopa County;5429;1860
04013420901;Census Tract 4209.01; Maricopa County;4126;1314
04013420902;Census Tract 4209.02; Maricopa County;3761;1299
04013421001;Census Tract 4210.01; Maricopa County;3991;1924
04013421002;Census Tract 4210.02; Maricopa County;3445;1717
04013421101;Census Tract 4211.01; Maricopa County;4987;1878
04013421102;Census Tract 4211.02; Maricopa County;7069;2379
04013421201;Census Tract 4212.01; Maricopa County;4976;2710
04013421202;Census Tract 4212.02; Maricopa County;3997;1653
04013421302;Census Tract 4213.02; Maricopa County;5504;2450
04013421303;Census Tract 4213.03; Maricopa County;6196;2002
04013421304;Census Tract 4213.04; Maricopa County;3237;1584
04013421400;Census Tract 4214; Maricopa County;2452;1608
04013421501;Census Tract 4215.01; Maricopa County;3911;1461
04013421502;Census Tract 4215.02; Maricopa County;3340;1187
04013421601;Census Tract 4216.01; Maricopa County;3767;1200
04013421602;Census Tract 4216.02; Maricopa County;4622;1506
04013421701;Census Tract 4217.01; Maricopa County;5185;2396
04013421702;Census Tract 4217.02; Maricopa County;4678;1798
04013421801;Census Tract 4218.01; Maricopa County;3029;832
04013421802;Census Tract 4218.02; Maricopa County;5205;1465
04013421901;Census Tract 4219.01; Maricopa County;3944;1221
04013421902;Census Tract 4219.02; Maricopa County;6686;1924
04013422001;Census Tract 4220.01; Maricopa County;4452;1385
04013422002;Census Tract 4220.02; Maricopa County;4330;1513
04013422102;Census Tract 4221.02; Maricopa County;4825;1858
04013422103;Census Tract 4221.03; Maricopa County;5308;2629
04013422104;Census Tract 4221.04; Maricopa County;6508;2823
04013422105;Census Tract 4221.05; Maricopa County;3384;1394
04013422106;Census Tract 4221.06; Maricopa County;6200;2552
04013422107;Census Tract 4221.07; Maricopa County;4365;2000
04013422203;Census Tract 4222.03; Maricopa County;5493;2624
04013422204;Census Tract 4222.04; Maricopa County;3049;1425
04013422205;Census Tract 4222.05; Maricopa County;1612;624
04013422209;Census Tract 4222.09; Maricopa County;6660;2895
04013422210;Census Tract 4222.10; Maricopa County;5292;1990
04013422211;Census Tract 4222.11; Maricopa County;2633;1168
04013422212;Census Tract 4222.12; Maricopa County;4434;1795
04013422213;Census Tract 4222.13; Maricopa County;2765;965
04013422215;Census Tract 4222.15; Maricopa County;2254;823
04013422216;Census Tract 4222.16; Maricopa County;6512;2243
04013422217;Census Tract 4222.17; Maricopa County;3618;1576
04013422218;Census Tract 4222.18; Maricopa County;2765;1119
04013422219;Census Tract 4222.19; Maricopa County;2922;1298
04013422220;Census Tract 4222.20; Maricopa County;2008;760
04013422221;Census Tract 4222.21; Maricopa County;4051;2055
04013422222;Census Tract 4222.22; Maricopa County;2365;851
04013422301;Census Tract 4223.01; Maricopa County;5667;1853
04013422302;Census Tract 4223.02; Maricopa County;5512;1978
04013422304;Census Tract 4223.04; Maricopa County;2843;1299
04013422305;Census Tract 4223.05; Maricopa County;5275;2226
04013422307;Census Tract 4223.07; Maricopa County;4070;1628
04013422308;Census Tract 4223.08; Maricopa County;5554;1935
04013422309;Census Tract 4223.09; Maricopa County;4815;1893
04013422401;Census Tract 4224.01; Maricopa County;2969;1410
04013422402;Census Tract 4224.02; Maricopa County;5240;1732
04013422403;Census Tract 4224.03; Maricopa County;4863;1760
04013422404;Census Tract 4224.04; Maricopa County;4403;1461
04013422501;Census Tract 4225.01; Maricopa County;6305;2067
04013422502;Census Tract 4225.02; Maricopa County;6503;2144
04013422503;Census Tract 4225.03; Maricopa County;6946;2511
04013422504;Census Tract 4225.04; Maricopa County;5144;1971
04013422506;Census Tract 4225.06; Maricopa County;4854;1787
04013422507;Census Tract 4225.07; Maricopa County;4473;1659
04013422508;Census Tract 4225.08; Maricopa County;3002;1240
04013422509;Census Tract 4225.09; Maricopa County;5023;1738
04013422510;Census Tract 4225.10; Maricopa County;3086;964
04013422511;Census Tract 4225.11; Maricopa County;2722;960
04013422512;Census Tract 4225.12; Maricopa County;4891;1590
04013422513;Census Tract 4225.13; Maricopa County;4408;1773
04013422514;Census Tract 4225.14; Maricopa County;5795;1877
04013422606;Census Tract 4226.06; Maricopa County;11064;3138
04013422607;Census Tract 4226.07; Maricopa County;4198;3032
04013422609;Census Tract 4226.09; Maricopa County;4556;1914
04013422610;Census Tract 4226.10; Maricopa County;3138;2572
04013422615;Census Tract 4226.15; Maricopa County;7098;2752
04013422616;Census Tract 4226.16; Maricopa County;4779;2526
04013422617;Census Tract 4226.17; Maricopa County;5846;2040
04013422618;Census Tract 4226.18; Maricopa County;2632;2383
04013422620;Census Tract 4226.20; Maricopa County;3262;948
04013422621;Census Tract 4226.21; Maricopa County;4476;1368
04013422622;Census Tract 4226.22; Maricopa County;4091;1371
04013422623;Census Tract 4226.23; Maricopa County;7425;2389
04013422624;Census Tract 4226.24; Maricopa County;2589;3064
04013422625;Census Tract 4226.25; Maricopa County;4541;2268
04013422626;Census Tract 4226.26; Maricopa County;2664;2268
04013422627;Census Tract 4226.27; Maricopa County;3723;1933
04013422628;Census Tract 4226.28; Maricopa County;3472;1833
04013422629;Census Tract 4226.29; Maricopa County;3103;1647
04013422630;Census Tract 4226.30; Maricopa County;4999;2573
04013422631;Census Tract 4226.31; Maricopa County;4512;2051
04013422632;Census Tract 4226.32; Maricopa County;3992;2035
04013422633;Census Tract 4226.33; Maricopa County;2966;1549
04013422634;Census Tract 4226.34; Maricopa County;5069;2443
04013422635;Census Tract 4226.35; Maricopa County;1791;1570
04013422636;Census Tract 4226.36; Maricopa County;2661;1333
04013422637;Census Tract 4226.37; Maricopa County;3487;1179
04013422638;Census Tract 4226.38; Maricopa County;4390;1731
04013422639;Census Tract 4226.39; Maricopa County;3603;3190
04013422640;Census Tract 4226.40; Maricopa County;4563;2660
04013422641;Census Tract 4226.41; Maricopa County;7881;2703
04013422642;Census Tract 4226.42; Maricopa County;5533;2184
04013422643;Census Tract 4226.43; Maricopa County;6065;1941
04013422644;Census Tract 4226.44; Maricopa County;9764;4569
04013422646;Census Tract 4226.46; Maricopa County;13026;3596
04013522800;Census Tract 5228; Maricopa County;981;692
04013522901;Census Tract 5229.01; Maricopa County;4387;1967
04013522903;Census Tract 5229.03; Maricopa County;4765;1637
04013522904;Census Tract 5229.04; Maricopa County;4795;1563
04013523002;Census Tract 5230.02; Maricopa County;5676;1901
04013523003;Census Tract 5230.03; Maricopa County;6678;2606
04013523005;Census Tract 5230.05; Maricopa County;4741;1946
04013523006;Census Tract 5230.06; Maricopa County;5910;2297
04013523102;Census Tract 5231.02; Maricopa County;5540;1917
04013523103;Census Tract 5231.03; Maricopa County;5751;2700
04013523104;Census Tract 5231.04; Maricopa County;6136;2562
04013610000;Census Tract 6100; Maricopa County;8147;2668
04013610100;Census Tract 6101; Maricopa County;630;313
04013610200;Census Tract 6102; Maricopa County;7313;4049
04013610300;Census Tract 6103; Maricopa County;9538;3458
04013610400;Census Tract 6104; Maricopa County;5617;1992
04013610500;Census Tract 6105; Maricopa County;7271;2842
04013610600;Census Tract 6106; Maricopa County;6069;2318
04013610700;Census Tract 6107; Maricopa County;7048;3066
04013610800;Census Tract 6108; Maricopa County;5472;1756
04013610900;Census Tract 6109; Maricopa County;10472;3593
04013611000;Census Tract 6110; Maricopa County;2768;874
04013611100;Census Tract 6111; Maricopa County;3757;1127
04013611200;Census Tract 6112; Maricopa County;6325;1925
04013611300;Census Tract 6113; Maricopa County;6568;2925
04013611400;Census Tract 6114; Maricopa County;6419;2169
04013611500;Census Tract 6115; Maricopa County;7645;2583
04013611600;Census Tract 6116; Maricopa County;2910;1138
04013611700;Census Tract 6117; Maricopa County;7181;2337
04013611800;Census Tract 6118; Maricopa County;7094;2459
04013611900;Census Tract 6119; Maricopa County;2949;992
04013612000;Census Tract 6120; Maricopa County;3423;1286
04013612200;Census Tract 6122; Maricopa County;5975;2371
04013612300;Census Tract 6123; Maricopa County;8309;3485
04013612400;Census Tract 6124; Maricopa County;8161;2994
04013612500;Census Tract 6125; Maricopa County;4303;1894
04013612600;Census Tract 6126; Maricopa County;2444;1063
04013612700;Census Tract 6127; Maricopa County;2276;958
04013612800;Census Tract 6128; Maricopa County;2335;948
04013612900;Census Tract 6129; Maricopa County;2769;1038
04013613000;Census Tract 6130; Maricopa County;5393;2044
04013613100;Census Tract 6131; Maricopa County;3215;1876
04013613200;Census Tract 6132; Maricopa County;4246;1535
04013613300;Census Tract 6133; Maricopa County;7507;2677
04013613400;Census Tract 6134; Maricopa County;3654;1438
04013613500;Census Tract 6135; Maricopa County;4449;1698
04013613600;Census Tract 6136; Maricopa County;6292;2252
04013613700;Census Tract 6137; Maricopa County;4911;1638
04013613800;Census Tract 6138; Maricopa County;4333;1436
04013613900;Census Tract 6139; Maricopa County;6276;1973
04013614000;Census Tract 6140; Maricopa County;4352;1536
04013614100;Census Tract 6141; Maricopa County;6643;2443
04013614200;Census Tract 6142; Maricopa County;4754;2026
04013614300;Census Tract 6143; Maricopa County;3112;1334
04013614400;Census Tract 6144; Maricopa County;4025;1526
04013614500;Census Tract 6145; Maricopa County;4283;1708
04013614600;Census Tract 6146; Maricopa County;6515;3108
04013614700;Census Tract 6147; Maricopa County;2977;1523
04013614800;Census Tract 6148; Maricopa County;3933;1856
04013614900;Census Tract 6149; Maricopa County;4273;1881
04013615000;Census Tract 6150; Maricopa County;10113;4108
04013615100;Census Tract 6151; Maricopa County;4495;1674
04013615200;Census Tract 6152; Maricopa County;7785;5446
04013615300;Census Tract 6153; Maricopa County;1983;1356
04013615400;Census Tract 6154; Maricopa County;2835;1889
04013615500;Census Tract 6155; Maricopa County;2553;2064
04013615600;Census Tract 6156; Maricopa County;2958;2238
04013615700;Census Tract 6157; Maricopa County;3159;1202
04013615800;Census Tract 6158; Maricopa County;4908;2162
04013615900;Census Tract 6159; Maricopa County;4252;1847
04013616000;Census Tract 6160; Maricopa County;2192;716
04013616100;Census Tract 6161; Maricopa County;3669;1552
04013616200;Census Tract 6162; Maricopa County;3557;1285
04013616300;Census Tract 6163; Maricopa County;2216;777
04013616400;Census Tract 6164; Maricopa County;5932;3122
04013616500;Census Tract 6165; Maricopa County;3591;1726
04013616600;Census Tract 6166; Maricopa County;6025;2259
04013616700;Census Tract 6167; Maricopa County;5231;2167
04013616800;Census Tract 6168; Maricopa County;5214;2356
04013616900;Census Tract 6169; Maricopa County;3991;2131
04013617000;Census Tract 6170; Maricopa County;6344;2820
04013617100;Census Tract 6171; Maricopa County;2403;946
04013617200;Census Tract 6172; Maricopa County;2628;1058
04013617300;Census Tract 6173; Maricopa County;3419;1448
04013617400;Census Tract 6174; Maricopa County;7063;4323
04013617500;Census Tract 6175; Maricopa County;3605;2220
04013617600;Census Tract 6176; Maricopa County;5660;2790
04013617700;Census Tract 6177; Maricopa County;3540;1737
04013617800;Census Tract 6178; Maricopa County;2350;902
04013617900;Census Tract 6179; Maricopa County;2828;1074
04013618000;Census Tract 6180; Maricopa County;4605;1620
04013618100;Census Tract 6181; Maricopa County;4483;1723
04013618200;Census Tract 6182; Maricopa County;4143;1620
04013618300;Census Tract 6183; Maricopa County;3136;1140
04013618400;Census Tract 6184; Maricopa County;3858;1538
04013618500;Census Tract 6185; Maricopa County;4286;1715
04013618600;Census Tract 6186; Maricopa County;5247;1995
04013618700;Census Tract 6187; Maricopa County;2982;1048
04013618800;Census Tract 6188; Maricopa County;4922;2389
04013618900;Census Tract 6189; Maricopa County;6934;3041
04013619000;Census Tract 6190; Maricopa County;3061;1539
04013619100;Census Tract 6191; Maricopa County;3334;1551
04013619200;Census Tract 6192; Maricopa County;5692;2613
04013619300;Census Tract 6193; Maricopa County;5282;2184
04013619400;Census Tract 6194; Maricopa County;5737;2326
04013619500;Census Tract 6195; Maricopa County;6077;2255
04013619600;Census Tract 6196; Maricopa County;1877;795
04013619700;Census Tract 6197; Maricopa County;4005;1468
04013619800;Census Tract 6198; Maricopa County;4731;2268
04013619900;Census Tract 6199; Maricopa County;6397;2375
04013723303;Census Tract 7233.03; Maricopa County;106;19
04013723304;Census Tract 7233.04; Maricopa County;5200;2220
04013723305;Census Tract 7233.05; Maricopa County;2611;960
04013723306;Census Tract 7233.06; Maricopa County;6413;45
04013723307;Census Tract 7233.07; Maricopa County;2022;782
04013723308;Census Tract 7233.08; Maricopa County;9969;3770
04013810000;Census Tract 8100; Maricopa County;2949;1219
04013810100;Census Tract 8101; Maricopa County;6609;2577
04013810200;Census Tract 8102; Maricopa County;3905;1378
04013810300;Census Tract 8103; Maricopa County;6097;2422
04013810400;Census Tract 8104; Maricopa County;4891;1973
04013810500;Census Tract 8105; Maricopa County;4557;2000
04013810600;Census Tract 8106; Maricopa County;6635;2556
04013810700;Census Tract 8107; Maricopa County;7068;2901
04013810800;Census Tract 8108; Maricopa County;4330;1676
04013810900;Census Tract 8109; Maricopa County;6128;2178
04013811000;Census Tract 8110; Maricopa County;2898;950
04013811100;Census Tract 8111; Maricopa County;2977;1183
04013811200;Census Tract 8112; Maricopa County;2871;1449
04013811300;Census Tract 8113; Maricopa County;3045;1017
04013811400;Census Tract 8114; Maricopa County;5067;1836
04013811500;Census Tract 8115; Maricopa County;2606;962
04013811600;Census Tract 8116; Maricopa County;4451;1613
04013811700;Census Tract 8117; Maricopa County;4438;1829
04013811800;Census Tract 8118; Maricopa County;2203;812
04013811900;Census Tract 8119; Maricopa County;5970;2210
04013812000;Census Tract 8120; Maricopa County;4989;1851
04013812100;Census Tract 8121; Maricopa County;6662;2308
04013812200;Census Tract 8122; Maricopa County;7472;2808
04013812300;Census Tract 8123; Maricopa County;4909;1775
04013812400;Census Tract 8124; Maricopa County;5207;1812
04013812500;Census Tract 8125; Maricopa County;2246;682
04013812600;Census Tract 8126; Maricopa County;5273;2567
04013812700;Census Tract 8127; Maricopa County;6544;2553
04013812800;Census Tract 8128; Maricopa County;7052;2248
04013812900;Census Tract 8129; Maricopa County;2840;1261
04013813000;Census Tract 8130; Maricopa County;5168;2095
04013813100;Census Tract 8131; Maricopa County;3563;1124
04013813200;Census Tract 8132; Maricopa County;3958;1306
04013813300;Census Tract 8133; Maricopa County;5824;1921
04013813400;Census Tract 8134; Maricopa County;3570;1369
04013813500;Census Tract 8135; Maricopa County;3302;962
04013813600;Census Tract 8136; Maricopa County;3877;1351
04013813700;Census Tract 8137; Maricopa County;2478;1787
04013813800;Census Tract 8138; Maricopa County;2629;2243
04013813900;Census Tract 8139; Maricopa County;5662;1926
04013814000;Census Tract 8140; Maricopa County;2573;1427
04013814100;Census Tract 8141; Maricopa County;5222;1767
04013814200;Census Tract 8142; Maricopa County;2642;946
04013814300;Census Tract 8143; Maricopa County;4000;1422
04013814400;Census Tract 8144; Maricopa County;4522;1758
04013814500;Census Tract 8145; Maricopa County;5060;1687
04013814600;Census Tract 8146; Maricopa County;5088;2027
04013814700;Census Tract 8147; Maricopa County;4034;1398
04013814800;Census Tract 8148; Maricopa County;9087;2995
04013814900;Census Tract 8149; Maricopa County;2979;966
04013815000;Census Tract 8150; Maricopa County;3969;1190
04013815100;Census Tract 8151; Maricopa County;5541;1699
04013815200;Census Tract 8152; Maricopa County;10771;3553
04013815300;Census Tract 8153; Maricopa County;3772;1081
04013815400;Census Tract 8154; Maricopa County;9601;3130
04013815500;Census Tract 8155; Maricopa County;7471;2638
04013815600;Census Tract 8156; Maricopa County;6381;1836
04013815700;Census Tract 8157; Maricopa County;5179;1687
04013815800;Census Tract 8158; Maricopa County;6486;2176
04013815900;Census Tract 8159; Maricopa County;10513;3022
04013816000;Census Tract 8160; Maricopa County;18328;5131
04013816100;Census Tract 8161; Maricopa County;6801;1975
04013816200;Census Tract 8162; Maricopa County;3729;1177
04013816300;Census Tract 8163; Maricopa County;6318;3226
04013816400;Census Tract 8164; Maricopa County;7707;2685
04013816500;Census Tract 8165; Maricopa County;4164;1338
04013816600;Census Tract 8166; Maricopa County;5675;1405
04013816700;Census Tract 8167; Maricopa County;2174;673
04013816800;Census Tract 8168; Maricopa County;6148;1989
04013816900;Census Tract 8169; Maricopa County;8390;2887
04013817000;Census Tract 8170; Maricopa County;3551;1193
04013817100;Census Tract 8171; Maricopa County;10074;3910
04013817200;Census Tract 8172; Maricopa County;7141;2331
04013817300;Census Tract 8173; Maricopa County;5485;3746
04013817400;Census Tract 8174; Maricopa County;2790;2208
04013817500;Census Tract 8175; Maricopa County;2911;2069
04013817600;Census Tract 8176; Maricopa County;2527;968
04013940700;Census Tract 9407; Maricopa County;123;47
04013941000;Census Tract 9410; Maricopa County;3191;877
04013941100;Census Tract 9411; Maricopa County;25;10
04013941200;Census Tract 9412; Maricopa County;1053;333
04013941300;Census Tract 9413; Maricopa County;7727;2598
04013980100;Census Tract 9801; Maricopa County;0;0
04013980400;Census Tract 9804; Maricopa County;13;0
04013980500;Census Tract 9805; Maricopa County;0;0
04013980600;Census Tract 9806; Maricopa County;4291;1313
04013980700;Census Tract 9807; Maricopa County;0;0
04019000100;Census Tract 1; Pima County;896;699
04019000200;Census Tract 2; Pima County;4751;2363
04019000300;Census Tract 3; Pima County;1432;909
04019000400;Census Tract 4; Pima County;3149;2004
04019000500;Census Tract 5; Pima County;12176;1772
04019000600;Census Tract 6; Pima County;5248;2486
04019000700;Census Tract 7; Pima County;5493;2616
04019000800;Census Tract 8; Pima County;1705;915
04019000900;Census Tract 9; Pima County;2589;1597
04019001000;Census Tract 10; Pima County;1165;438
04019001100;Census Tract 11; Pima County;2892;1079
04019001200;Census Tract 12; Pima County;3934;1375
04019001302;Census Tract 13.02; Pima County;1758;1090
04019001303;Census Tract 13.03; Pima County;2709;1557
04019001304;Census Tract 13.04; Pima County;5474;2694
04019001400;Census Tract 14; Pima County;6410;2921
04019001500;Census Tract 15; Pima County;5309;2429
04019001600;Census Tract 16; Pima County;3446;1924
04019001700;Census Tract 17; Pima County;2807;1659
04019001801;Census Tract 18.01; Pima County;4755;3001
04019001802;Census Tract 18.02; Pima County;2245;1521
04019001900;Census Tract 19; Pima County;3648;2163
04019002000;Census Tract 20; Pima County;6333;2905
04019002100;Census Tract 21; Pima County;6106;2100
04019002201;Census Tract 22.01; Pima County;3562;1310
04019002202;Census Tract 22.02; Pima County;3213;1271
04019002300;Census Tract 23; Pima County;5667;2228
04019002400;Census Tract 24; Pima County;5565;2158
04019002501;Census Tract 25.01; Pima County;5993;1820
04019002503;Census Tract 25.03; Pima County;4323;1735
04019002504;Census Tract 25.04; Pima County;5945;2550
04019002505;Census Tract 25.05; Pima County;6608;2528
04019002506;Census Tract 25.06; Pima County;8274;2920
04019002602;Census Tract 26.02; Pima County;4703;2775
04019002603;Census Tract 26.03; Pima County;3451;1488
04019002604;Census Tract 26.04; Pima County;3537;1986
04019002702;Census Tract 27.02; Pima County;4530;2970
04019002703;Census Tract 27.03; Pima County;3944;2122
04019002704;Census Tract 27.04; Pima County;2174;1217
04019002801;Census Tract 28.01; Pima County;2032;1152
04019002802;Census Tract 28.02; Pima County;4020;2200
04019002803;Census Tract 28.03; Pima County;2322;1175
04019002901;Census Tract 29.01; Pima County;6327;3119
04019002904;Census Tract 29.04; Pima County;3213;1959
04019002905;Census Tract 29.05; Pima County;3786;2409
04019002906;Census Tract 29.06; Pima County;2547;1509
04019003002;Census Tract 30.02; Pima County;4855;2266
04019003003;Census Tract 30.03; Pima County;4339;2490
04019003004;Census Tract 30.04; Pima County;1618;896
04019003101;Census Tract 31.01; Pima County;5424;3320
04019003102;Census Tract 31.02; Pima County;3728;1981
04019003200;Census Tract 32; Pima County;5604;3139
04019003302;Census Tract 33.02; Pima County;4138;1742
04019003303;Census Tract 33.03; Pima County;3805;2041
04019003304;Census Tract 33.04; Pima County;3196;1991
04019003400;Census Tract 34; Pima County;6055;2567
04019003501;Census Tract 35.01; Pima County;7761;3320
04019003502;Census Tract 35.02; Pima County;4115;2063
04019003503;Census Tract 35.03; Pima County;4288;1775
04019003504;Census Tract 35.04; Pima County;2869;1110
04019003600;Census Tract 36; Pima County;5557;1659
04019003702;Census Tract 37.02; Pima County;6997;2519
04019003704;Census Tract 37.04; Pima County;5001;1713
04019003705;Census Tract 37.05; Pima County;6377;2119
04019003706;Census Tract 37.06; Pima County;5267;2257
04019003707;Census Tract 37.07; Pima County;3321;1248
04019003801;Census Tract 38.01; Pima County;3312;1382
04019003802;Census Tract 38.02; Pima County;5337;1877
04019003901;Census Tract 39.01; Pima County;2041;663
04019003902;Census Tract 39.02; Pima County;2843;939
04019003903;Census Tract 39.03; Pima County;3472;1003
04019004008;Census Tract 40.08; Pima County;4233;2047
04019004010;Census Tract 40.10; Pima County;2974;1563
04019004011;Census Tract 40.11; Pima County;8024;3489
04019004022;Census Tract 40.22; Pima County;7021;2779
04019004025;Census Tract 40.25; Pima County;6874;3044
04019004026;Census Tract 40.26; Pima County;5749;2364
04019004029;Census Tract 40.29; Pima County;4395;1682
04019004030;Census Tract 40.30; Pima County;1879;718
04019004031;Census Tract 40.31; Pima County;3802;2322
04019004032;Census Tract 40.32; Pima County;3564;2035
04019004033;Census Tract 40.33; Pima County;4306;1861
04019004034;Census Tract 40.34; Pima County;3904;1464
04019004035;Census Tract 40.35; Pima County;3718;1893
04019004036;Census Tract 40.36; Pima County;2737;1214
04019004037;Census Tract 40.37; Pima County;2923;1273
04019004038;Census Tract 40.38; Pima County;3069;1122
04019004039;Census Tract 40.39; Pima County;2379;1814
04019004042;Census Tract 40.42; Pima County;5161;2333
04019004043;Census Tract 40.43; Pima County;4161;1677
04019004044;Census Tract 40.44; Pima County;3866;1658
04019004046;Census Tract 40.46; Pima County;4409;2284
04019004047;Census Tract 40.47; Pima County;2736;1282
04019004048;Census Tract 40.48; Pima County;4100;2062
04019004049;Census Tract 40.49; Pima County;2857;1423
04019004050;Census Tract 40.50; Pima County;1984;804
04019004051;Census Tract 40.51; Pima County;4930;2221
04019004052;Census Tract 40.52; Pima County;1692;1243
04019004053;Census Tract 40.53; Pima County;2935;1367
04019004054;Census Tract 40.54; Pima County;1587;673
04019004055;Census Tract 40.55; Pima County;3455;1548
04019004056;Census Tract 40.56; Pima County;2141;900
04019004057;Census Tract 40.57; Pima County;4515;1882
04019004058;Census Tract 40.58; Pima County;4061;1948
04019004061;Census Tract 40.61; Pima County;5005;2067
04019004062;Census Tract 40.62; Pima County;7049;2212
04019004063;Census Tract 40.63; Pima County;6910;2431
04019004064;Census Tract 40.64; Pima County;9703;3460
04019004065;Census Tract 40.65; Pima County;3854;1314
04019004066;Census Tract 40.66; Pima County;2765;1056
04019004067;Census Tract 40.67; Pima County;2599;1905
04019004068;Census Tract 40.68; Pima County;4624;2501
04019004069;Census Tract 40.69; Pima County;3631;1953
04019004070;Census Tract 40.70; Pima County;2928;1632
04019004071;Census Tract 40.71; Pima County;4178;2842
04019004072;Census Tract 40.72; Pima County;2416;1178
04019004073;Census Tract 40.73; Pima County;5329;1745
04019004074;Census Tract 40.74; Pima County;1907;690
04019004107;Census Tract 41.07; Pima County;11841;4173
04019004109;Census Tract 41.09; Pima County;5043;2135
04019004110;Census Tract 41.10; Pima County;3182;1079
04019004112;Census Tract 41.12; Pima County;3022;1012
04019004113;Census Tract 41.13; Pima County;5884;0
04019004114;Census Tract 41.14; Pima County;4966;1706
04019004115;Census Tract 41.15; Pima County;7707;2657
04019004116;Census Tract 41.16; Pima County;2579;821
04019004117;Census Tract 41.17; Pima County;6433;2105
04019004118;Census Tract 41.18; Pima County;5437;1705
04019004119;Census Tract 41.19; Pima County;8290;4273
04019004120;Census Tract 41.20; Pima County;1076;444
04019004121;Census Tract 41.21; Pima County;8593;2178
04019004122;Census Tract 41.22; Pima County;4026;1402
04019004125;Census Tract 41.25; Pima County;7186;3287
04019004307;Census Tract 43.07; Pima County;3006;2450
04019004310;Census Tract 43.10; Pima County;2472;918
04019004311;Census Tract 43.11; Pima County;4590;1655
04019004312;Census Tract 43.12; Pima County;6261;2304
04019004313;Census Tract 43.13; Pima County;4488;2139
04019004316;Census Tract 43.16; Pima County;3453;1659
04019004317;Census Tract 43.17; Pima County;2602;2465
04019004320;Census Tract 43.20; Pima County;2824;983
04019004321;Census Tract 43.21; Pima County;5248;1547
04019004322;Census Tract 43.22; Pima County;6494;2229
04019004323;Census Tract 43.23; Pima County;3472;1198
04019004324;Census Tract 43.24; Pima County;2691;2281
04019004325;Census Tract 43.25; Pima County;1640;1166
04019004326;Census Tract 43.26; Pima County;3756;1308
04019004327;Census Tract 43.27; Pima County;4796;2308
04019004328;Census Tract 43.28; Pima County;3299;2975
04019004329;Census Tract 43.29; Pima County;11305;3679
04019004330;Census Tract 43.30; Pima County;1664;1707
04019004331;Census Tract 43.31; Pima County;3907;2770
04019004332;Census Tract 43.32; Pima County;1454;1044
04019004333;Census Tract 43.33; Pima County;3545;1446
04019004334;Census Tract 43.34; Pima County;11324;3834
04019004404;Census Tract 44.04; Pima County;3172;2626
04019004407;Census Tract 44.07; Pima County;6000;2428
04019004411;Census Tract 44.11; Pima County;7432;3508
04019004412;Census Tract 44.12; Pima County;3327;1548
04019004413;Census Tract 44.13; Pima County;3217;1384
04019004414;Census Tract 44.14; Pima County;3638;1358
04019004415;Census Tract 44.15; Pima County;1678;793
04019004418;Census Tract 44.18; Pima County;3543;1405
04019004419;Census Tract 44.19; Pima County;6486;2572
04019004421;Census Tract 44.21; Pima County;6896;2936
04019004422;Census Tract 44.22; Pima County;5132;2672
04019004423;Census Tract 44.23; Pima County;4567;1968
04019004424;Census Tract 44.24; Pima County;4012;1655
04019004425;Census Tract 44.25; Pima County;5992;2618
04019004426;Census Tract 44.26; Pima County;2638;1099
04019004427;Census Tract 44.27; Pima County;9845;4037
04019004428;Census Tract 44.28; Pima County;3241;1534
04019004429;Census Tract 44.29; Pima County;7814;2893
04019004430;Census Tract 44.30; Pima County;3088;810
04019004431;Census Tract 44.31; Pima County;5025;1696
04019004504;Census Tract 45.04; Pima County;6947;3373
04019004505;Census Tract 45.05; Pima County;4592;1932
04019004506;Census Tract 45.06; Pima County;5433;1994
04019004508;Census Tract 45.08; Pima County;5509;2441
04019004510;Census Tract 45.10; Pima County;3636;1796
04019004511;Census Tract 45.11; Pima County;4487;2320
04019004512;Census Tract 45.12; Pima County;4132;1893
04019004513;Census Tract 45.13; Pima County;2651;1293
04019004610;Census Tract 46.10; Pima County;6713;2704
04019004613;Census Tract 46.13; Pima County;4094;1883
04019004614;Census Tract 46.14; Pima County;3118;1467
04019004615;Census Tract 46.15; Pima County;3327;1401
04019004616;Census Tract 46.16; Pima County;4132;2167
04019004617;Census Tract 46.17; Pima County;2499;1563
04019004618;Census Tract 46.18; Pima County;3332;1735
04019004619;Census Tract 46.19; Pima County;3370;1830
04019004620;Census Tract 46.20; Pima County;1841;919
04019004621;Census Tract 46.21; Pima County;2226;1281
04019004622;Census Tract 46.22; Pima County;3414;1527
04019004623;Census Tract 46.23; Pima County;6397;2791
04019004624;Census Tract 46.24; Pima County;6052;2372
04019004625;Census Tract 46.25; Pima County;1956;1055
04019004626;Census Tract 46.26; Pima County;3897;1983
04019004627;Census Tract 46.27; Pima County;2429;1196
04019004628;Census Tract 46.28; Pima County;1328;565
04019004630;Census Tract 46.30; Pima County;1936;968
04019004631;Census Tract 46.31; Pima County;3369;1444
04019004632;Census Tract 46.32; Pima County;2556;1001
04019004633;Census Tract 46.33; Pima County;2666;1287
04019004634;Census Tract 46.34; Pima County;1593;580
04019004635;Census Tract 46.35; Pima County;5036;2534
04019004636;Census Tract 46.36; Pima County;7321;2855
04019004638;Census Tract 46.38; Pima County;13105;6167
04019004639;Census Tract 46.39; Pima County;4827;1608
04019004640;Census Tract 46.40; Pima County;5795;2745
04019004641;Census Tract 46.41; Pima County;3893;1577
04019004642;Census Tract 46.42; Pima County;4170;2243
04019004643;Census Tract 46.43; Pima County;4129;2690
04019004644;Census Tract 46.44; Pima County;2848;1002
04019004645;Census Tract 46.45; Pima County;5263;2001
04019004646;Census Tract 46.46; Pima County;4598;1958
04019004647;Census Tract 46.47; Pima County;3978;1522
04019004710;Census Tract 47.10; Pima County;3715;2745
04019004711;Census Tract 47.11; Pima County;4410;2627
04019004712;Census Tract 47.12; Pima County;3136;1748
04019004713;Census Tract 47.13; Pima County;3998;1973
04019004714;Census Tract 47.14; Pima County;5350;2803
04019004715;Census Tract 47.15; Pima County;4478;1966
04019004716;Census Tract 47.16; Pima County;6439;3541
04019004717;Census Tract 47.17; Pima County;1823;1238
04019004718;Census Tract 47.18; Pima County;2197;1250
04019004719;Census Tract 47.19; Pima County;5404;3248
04019004720;Census Tract 47.20; Pima County;1339;796
04019004721;Census Tract 47.21; Pima County;3612;2247
04019004722;Census Tract 47.22; Pima County;2367;1420
04019004723;Census Tract 47.23; Pima County;4906;2744
04019004724;Census Tract 47.24; Pima County;2406;1224
04019004725;Census Tract 47.25; Pima County;3345;1907
04019004726;Census Tract 47.26; Pima County;4063;1993
04019005200;Census Tract 52; Pima County;3008;2218
04019005300;Census Tract 53; Pima County;3931;1743
04019940600;Census Tract 9406; Pima County;1077;382
04019940700;Census Tract 9407; Pima County;1493;561
04019940800;Census Tract 9408; Pima County;4877;1663
04019940900;Census Tract 9409; Pima County;2227;792
04019941000;Census Tract 9410; Pima County;4187;965
04021000201;Census Tract 2.01; Pinal County;5298;3452
04021000204;Census Tract 2.04; Pinal County;12147;3880
04021000205;Census Tract 2.05; Pinal County;17235;5663
04021000206;Census Tract 2.06; Pinal County;5810;2698
04021000207;Census Tract 2.07; Pinal County;12528;4247
04021000208;Census Tract 2.08; Pinal County;2428;1014
04021000209;Census Tract 2.09; Pinal County;13594;4433
04021000210;Census Tract 2.10; Pinal County;9596;3475
04021000211;Census Tract 2.11; Pinal County;4671;1847
04021000212;Census Tract 2.12; Pinal County;6430;2627
04021000213;Census Tract 2.13; Pinal County;12256;6206
04021000214;Census Tract 2.14; Pinal County;11329;3969
04021000215;Census Tract 2.15; Pinal County;2213;1075
04021000307;Census Tract 3.07; Pinal County;2825;1247
04021000308;Census Tract 3.08; Pinal County;5147;3175
04021000309;Census Tract 3.09; Pinal County;3597;2369
04021000310;Census Tract 3.10; Pinal County;3560;1853
04021000311;Census Tract 3.11; Pinal County;3284;1463
04021000312;Census Tract 3.12; Pinal County;3959;2436
04021000313;Census Tract 3.13; Pinal County;4834;2559
04021000314;Census Tract 3.14; Pinal County;5880;3283
04021000315;Census Tract 3.15; Pinal County;5257;2476
04021000316;Census Tract 3.16; Pinal County;8047;5171
04021000317;Census Tract 3.17; Pinal County;2666;1849
04021000318;Census Tract 3.18; Pinal County;8448;5027
04021000319;Census Tract 3.19; Pinal County;1611;1269
04021000400;Census Tract 4; Pinal County;3071;1752
04021000603;Census Tract 6.03; Pinal County;6354;3422
04021000604;Census Tract 6.04; Pinal County;4591;3152
04021000700;Census Tract 7; Pinal County;3692;1630
04021000801;Census Tract 8.01; Pinal County;14287;6938
04021000802;Census Tract 8.02; Pinal County;5668;2616
04021000803;Census Tract 8.03; Pinal County;13640;421
04021000901;Census Tract 9.01; Pinal County;4765;534
04021000902;Census Tract 9.02; Pinal County;2741;1175
04021001000;Census Tract 10; Pinal County;4463;1569
04021001100;Census Tract 11; Pinal County;8478;2341
04021001200;Census Tract 12; Pinal County;4913;2155
04021001301;Census Tract 13.01; Pinal County;7958;3386
04021001303;Census Tract 13.03; Pinal County;1618;614
04021001304;Census Tract 13.04; Pinal County;9988;3378
04021001305;Census Tract 13.05; Pinal County;6684;2419
04021001306;Census Tract 13.06; Pinal County;5397;2090
04021001403;Census Tract 14.03; Pinal County;5433;1856
04021001404;Census Tract 14.04; Pinal County;4487;1436
04021001405;Census Tract 14.05; Pinal County;4684;2390
04021001406;Census Tract 14.06; Pinal County;5115;1871
04021001407;Census Tract 14.07; Pinal County;2297;1162
04021001408;Census Tract 14.08; Pinal County;2530;1671
04021001500;Census Tract 15; Pinal County;4173;1567
04021001600;Census Tract 16; Pinal County;6795;2251
04021001701;Census Tract 17.01; Pinal County;923;497
04021001702;Census Tract 17.02; Pinal County;2494;850
04021001703;Census Tract 17.03; Pinal County;2214;748
04021001704;Census Tract 17.04; Pinal County;6693;2237
04021001705;Census Tract 17.05; Pinal County;6975;2767
04021001706;Census Tract 17.06; Pinal County;5261;1717
04021001707;Census Tract 17.07; Pinal County;5278;1696
04021001708;Census Tract 17.08; Pinal County;6338;2889
04021001709;Census Tract 17.09; Pinal County;4945;1912
04021001710;Census Tract 17.10; Pinal County;4951;1793
04021001711;Census Tract 17.11; Pinal County;3495;1112
04021001900;Census Tract 19; Pinal County;2643;1045
04021002001;Census Tract 20.01; Pinal County;4396;1902
04021002002;Census Tract 20.02; Pinal County;10070;286
04021002003;Census Tract 20.03; Pinal County;3850;1456
04021002101;Census Tract 21.01; Pinal County;7549;4084
04021002102;Census Tract 21.02; Pinal County;1249;548
04021002103;Census Tract 21.03; Pinal County;8068;2727
04021002200;Census Tract 22; Pinal County;5326;2641
04021002300;Census Tract 23; Pinal County;2673;1334
04021002400;Census Tract 24; Pinal County;2461;1040
04021941200;Census Tract 9412; Pinal County;5750;2050
04021941300;Census Tract 9413; Pinal County;1913;828
04021941400;Census Tract 9414; Pinal County;8806;3611
